Id,ExcerptPostId,WikiPostId,TagName,Count
1,9423,9422,bug,176
2,,,feature-request,210
3,6970,6969,discussion,1839
4,7213,7212,faq,16
5,,,status-completed,274
6,,,status-declined,60
7,,,status-bydesign,63
8,,,status-norepro,12
9,,,status-reproduced,0
10,9376,9375,status-planned,2
11,9374,9373,status-deferred,3
12,9135,9134,status-review,1
13,9378,9377,support,522
14,,,reputation,47
15,,,questions,107
16,8807,8806,tags,159
17,,,comments,45
18,,,badges,35
19,,,answers,40
20,,,search,5
21,,,voting,23
22,,,editing,49
23,,,bounty,9
24,,,user-interface,3
25,8340,8339,specific-question,206
26,,,accepted-answer,13
27,,,markdown,4
28,,,stackexchange,16
29,8368,8367,community-wiki,22
30,,,down-votes,31
31,,,openid,1
32,,,migration,77
33,,,vote-to-close,35
35,,,etiquette,8
36,,,notifications,7
37,,,users,0
38,6185,6184,closed-questions,252
39,,,hyperlinks,9
40,,,data-dump,0
41,,,asking-questions,45
42,,,recent-activity,0
43,,,new-users,23
44,,,profile-page,0
45,,,flagging,47
46,,,chat,11
47,7378,7377,unanswered-questions,0
48,,,retagging,1
49,,,moderation,73
50,,,data-explorer,5
51,,,close-reasons,141
52,,,user-accounts,12
53,,,formatting,4
54,,,tag-watching,1
55,,,up-votes,12
56,,,meta,13
57,,,statistics,7
58,,,login,1
59,,,rss,1
60,,,bookmarks,1
61,,,deleted-questions,55
63,,,votes,9
64,,,tag-synonyms,62
67,,,subjective,34
68,,,stackoverflow,39
74,,,faq-proposed,43
75,,,on-topic-definition,189
76,8019,8018,site-attributes,14
77,,,beta,2
78,,,polling,7
80,,,moderators,33
83,,,retag-request,16
84,,,featured,0
86,,,software-engineering,4
87,,,off-topic,71
91,,,tag-wikis,12
96,,,code,5
97,,,site-definition,18
99,,,top-7,7
102,,,rant,5
116,,,frustration,3
117,,,accept-rate,2
118,,,removal,5
119,,,list-questions,9
121,,,recommendations,12
123,,,websites,4
127,,,html,4
130,5189,5188,design,102
132,,,information-display,2
136,,,guidelines,6
139,5441,5440,user-profile,12
141,,,merging,3
142,,,merge-accounts,2
143,,,lmgtfy,2
144,,,programmers,6
146,,,fun,13
149,,,election,30
150,,,bounty-awards,5
152,,,popular-questions,7
153,,,twitter,4
168,,,conferences,5
169,,,meta-tags,5
173,,,career,10
174,,,meta-faq,4
175,,,vote-to-reopen,30
177,,,legal,10
181,,,blog,24
184,,,community,8
187,,,answer-quality,25
188,,,quality,14
190,,,posse,13
193,,,moderator-tools,3
194,,,merge-questions,6
195,,,community-ads,9
199,,,locking,7
200,,,question,3
201,,,tag-merge,58
202,,,closing-questions,10
207,,,tag-blacklist,21
213,,,bad-questions,7
217,,,question-title,5
219,,,images,3
221,,,suggested-edits,15
222,,,specific-answer,9
223,3101,3100,deleted-answers,14
224,8242,8241,site-promotion,3
225,,,spam,10
228,,,privileges,6
232,,,improvement,6
234,,,syntax-highlighting,6
235,,,css,5
236,,,filtering,2
245,,,clean-up,7
246,,,post-ban,26
249,,,computer-science,2
250,,,declined-flags,11
251,3162,3161,stci,13
255,,,contest,8
256,5894,5893,duplicate-questions,51
259,9010,9009,scope,68
260,4026,4025,copyright,3
262,,,faq-contents,11
264,,,cross-posting,9
266,,,suspensions,6
268,,,locked-question,24
270,8582,8581,review,37
273,,,unregistered-users,3
274,3998,3997,site-rec,33
275,5783,5782,resource-questions,11
276,,,promotion,2
278,,,hats,5
281,8826,8825,winterbash,6
284,5484,5483,hot-questions,7
287,,,quality-filter,7
288,,,review-audits,6
290,,,help-center,12
293,,,curated-answers,2
299,6468,6467,workplace-se,3
300,,,opinion-based,14
302,,,low-quality-posts,8
304,,,protected-questions,8
306,,,rate-limiting,2
307,,,homework-dump,8
310,7095,7094,best-practice,3
311,,,licensing,17
313,,,stci-phase2,2
318,,,design-review,2
322,,,coffee,2
324,,,experiment,3
325,,,name-that-thing,2
327,,,reopen-request,10
330,8116,8115,new-site-name,18
334,,,question-of-the-week,10
342,9089,9088,product-discovery,0
